name,pos,round,pick,mlb_team,school,tracked_team,leagues,pitches,whiff_pct,k_pct,velo
Ruger Riojas,P,3,100,Philadelphia Phillies,Texas,Texas Longhorns,College Baseball,71,62.857142857142854,64.70588235294117,
Thomas Burns,P,8,227,Minnesota Twins,Texas,Texas Longhorns,College Baseball,33,61.53846153846154,33.33333333333333,
Garrison Sumner,P,13,380,Baltimore Orioles,Brigham Young,Brigham Young Cougars,College Baseball,36,57.14285714285714,44.44444444444444,
Hunter Dietz,P,1,35,New York Yankees,Arkansas,Arkansas Razorbacks,College Baseball,58,52.63157894736842,38.46153846153847,
Aidan Weaver,P,8,231,Athletics,Duke,Duke Blue Devils,College Baseball,95,50.0,40.909090909090914,
Justin LeGuernic,P,6,180,Kansas City Royals,Clemson,Clemson Tigers,College Baseball,51,47.82608695652174,38.46153846153847,
Tate McKee,P,10,293,Tampa Bay Rays,Georgia Tech,Georgia Tech Yellow Jackets,College Baseball,64,46.15384615384615,37.5,
Tazwell Butler,P,10,301,Houston Astros,Kansas State,Kansas State Wildcats,College Baseball/MLB Draft League,298,45.65217391304348,39.473684210526315,
Cole Stokes,P,12,353,Tampa Bay Rays,Florida State,Florida State Seminoles,College Baseball,60,43.75,25.0,
LJ Mercurius,P,5,148,Arizona Diamondbacks,Oklahoma,Oklahoma Sooners,College Baseball,147,43.66197183098591,57.14285714285714,
Brian Garmon,P,15,444,St. Louis Cardinals,U South Alabama,West Virginia Black Bears,MLB Draft League,51,43.47826086956522,38.46153846153847,
Luke McNeillie,P,5,152,New York Mets,Florida,Florida Gators,College Baseball,41,42.30769230769231,60.0,
JP Robertson,P,20,598,San Francisco Giants,Mississippi,Ole Miss Rebels,College Baseball,37,42.10526315789473,40.0,
Ryan Bilka,P,10,303,Cleveland Guardians,Miami,Miami Hurricanes,College Baseball,36,42.10526315789473,25.0,
Hudson Calhoun,P,4,117,Texas Rangers,Mississippi,Ole Miss Rebels,College Baseball,37,42.10526315789473,36.36363636363637,
Darin Horn,P,16,465,Chicago White Sox,Coastal Carolina,Coastal Carolina Chanticleers,College Baseball,37,41.17647058823529,27.27272727272727,
Cade Townsend,P,1,23,Chicago Cubs,Mississippi,Ole Miss Rebels,College Baseball,72,41.17647058823529,47.368421052631575,
Ethan Kleinschmit,P,2,52,Miami Marlins,Oregon State,Oregon State Beavers,College Baseball,163,40.909090909090914,45.23809523809524,
Carson Jasa,P,3,98,Chicago Cubs,Nebraska,Nebraska Cornhuskers,College Baseball,184,40.27777777777778,37.77777777777778,
Tyler Kapa,P,14,415,Miami Marlins,Virginia,Virginia Cavaliers,College Baseball,38,40.0,37.5,
Chase Meyer,P,9,277,Chicago Cubs,West Virginia,State College Spikes,MLB Draft League,125,39.62264150943396,39.39393939393939,
Cal Scolari,P,5,137,Chicago White Sox,Oregon,Oregon Ducks,College Baseball,86,39.473684210526315,38.095238095238095,
Ariston Veasey,P,11,337,Chicago Cubs,Clemson,Clemson Tigers,College Baseball,69,39.39393939393939,46.666666666666664,
Dominic Voegele,P,3,82,Baltimore Orioles,Kansas,Kansas Jayhawks,College Baseball,96,39.130434782608695,29.629629629629626,
Conner Griffin,P,10,302,Cincinnati Reds,SUNY Binghamton,State College Spikes,MLB Draft League,48,38.46153846153847,23.076923076923077,
Lucas Davenport,P,5,156,Boston Red Sox,Baylor,Baylor Bears,College Baseball,55,38.46153846153847,6.666666666666667,
Damarcus Rideout-Carter,P,14,408,Pittsburgh Pirates,Heart Lake SS,Canada,MLB Draft League,117,38.297872340425535,23.076923076923077,
Bo Rhudy,P,7,219,Philadelphia Phillies,Tennessee,Tennessee Volunteers,College Baseball,36,38.095238095238095,30.0,
Wil Libbert,P,5,144,Atlanta Braves,Mississippi,Ole Miss Rebels,College Baseball,77,37.93103448275862,25.0,
Deven Sheerin,P,4,128,Philadelphia Phillies,LSU,Louisiana State Tigers,College Baseball,35,37.5,57.14285714285714,
Christian Coppola,P,12,369,Philadelphia Phillies,Saint Joseph's,Trenton Thunder,MLB Draft League,57,36.84210526315789,21.428571428571427,
Tanner Sagouspe,P,9,254,Colorado Rockies,TCU,Texas Christian Horned Frogs,College Baseball,44,36.84210526315789,45.45454545454545,
Diego Gutierrez,P,17,500,Baltimore Orioles,San Diego,Danville Otterbots,Appalachian League,211,36.75213675213676,39.6551724137931,
Jake Bean,P,11,333,Cleveland Guardians,Louisville,Louisville Cardinals,College Baseball,82,36.58536585365854,44.44444444444444,
Luke Harrison,P,8,234,St. Louis Cardinals,Texas,Texas Longhorns,College Baseball,64,36.36363636363637,12.5,
Grant Fontenot,P,10,299,Kansas City Royals,LSU,Louisiana State Tigers,College Baseball,30,36.36363636363637,28.57142857142857,
Albert Roblez,P,16,485,San Diego Padres,Oregon State,Oregon State Beavers,College Baseball,73,36.36363636363637,47.05882352941176,
Victor Christal,P,16,482,Cincinnati Reds,Johnson County CC,West Virginia Black Bears,MLB Draft League,119,35.84905660377358,46.15384615384615,
Ethan Norby,P,4,122,Cincinnati Reds,East Carolina,East Carolina Pirates,College Baseball,143,35.483870967741936,34.375,
Aidan Keenan,P,7,210,New York Mets,Stanford,Stanford Cardinal,College Baseball,119,35.294117647058826,36.666666666666664,
Ethan Stade,P,18,532,Atlanta Braves,Bowling Green State,Mahoning Valley Scrappers,MLB Draft League,270,34.61538461538461,44.44444444444444,
Luke Guth,P,19,577,Chicago Cubs,Vanderbilt,Vanderbilt Commodores,College Baseball/MLB Draft League,86,34.285714285714285,20.0,
John Damozonio,P,17,502,Atlanta Braves,Saint Mary's,Saint Mary's Gaels,College Baseball,74,34.21052631578947,30.434782608695656,
Brodie Purcell,P,12,362,Cincinnati Reds,Florida State,Florida State Seminoles,College Baseball,25,33.33333333333333,33.33333333333333,
Ethan McElvain,P,5,151,Kansas City Royals,Arkansas,Arkansas Razorbacks,College Baseball,41,33.33333333333333,55.55555555555556,
Tate McGuire,P,14,409,Los Angeles Angels,Arkansas,Arkansas Razorbacks,College Baseball,60,33.33333333333333,26.666666666666668,
Trey Beard,P,5,147,Miami Marlins,Florida State,Florida State Seminoles,College Baseball,34,33.33333333333333,9.090909090909092,
Aidan Brainard,P,6,178,Texas Rangers,Nevada,Nevada Wolf Pack,College Baseball,66,33.33333333333333,11.76470588235294,
Andrew Wertz,P,20,596,Arizona Diamondbacks,Northeastern,Northeastern Huskies,College Baseball,64,33.33333333333333,17.647058823529413,
Miles Gosztola,P,8,253,Los Angeles Dodgers,Oregon,Oregon Ducks,College Baseball,27,33.33333333333333,25.0,
Jackson Nash,P,12,357,Texas Rangers,Longwood,Williamsport Crosscutters,MLB Draft League,186,32.98969072164948,32.075471698113205,
Wes Mendes,P,2,57,Houston Astros,Florida State,Florida State Seminoles,College Baseball,189,32.97872340425532,34.090909090909086,
Luc Rising,P,10,289,Los Angeles Angels,Northeastern,Northeastern Huskies,College Baseball/MLB Draft League,158,32.91139240506329,43.24324324324324,
Jack Radel,P,PPI,28,Houston Astros,Notre Dame,Notre Dame Fighting Irish,College Baseball,163,32.22222222222222,40.476190476190474,
Ryan Nelson,P,19,572,Cincinnati Reds,East Central CC,Mahoning Valley Scrappers,MLB Draft League,78,32.142857142857146,16.666666666666664,
Alfredo Capacete,P,14,417,Texas Rangers,California Baptist,California Baptist Lancers,College Baseball,52,32.0,20.0,
Carson Lane,P,14,423,Cleveland Guardians,UNLV,State College Spikes,MLB Draft League,101,31.818181818181817,28.57142857142857,
Tyner Horn,P,3,94,Cincinnati Reds,Nebraska,Nebraska Cornhuskers,College Baseball,80,31.57894736842105,23.809523809523807,
Mason Steele,P,10,296,Arizona Diamondbacks,Alabama-Birmingham,Alabama-Birmingham Blazers,College Baseball,77,31.57894736842105,41.17647058823529,
David Horn Jr.,P,19,563,Tampa Bay Rays,Middle Tennessee State,Williamsport Crosscutters,MLB Draft League,233,31.35593220338983,34.48275862068966,
Devin Bell,P,10,313,Los Angeles Dodgers,Oregon,Oregon Ducks,College Baseball,36,31.25,22.22222222222222,
Logan Reddemann,P,2,38,Colorado Rockies,UCLA,UCLA Bruins,College Baseball,92,31.147540983606557,33.33333333333333,
Wyatt Queen,P,11,340,Seattle Mariners,Oregon State,Oregon State Beavers,College Baseball,101,30.952380952380953,30.76923076923077,
Wyatt Danilowicz,P,8,249,Philadelphia Phillies,Louisville,Louisville Cardinals,College Baseball,145,30.909090909090907,34.285714285714285,
David Leslie,P,9,278,New York Yankees,Pittsburgh,Pittsburgh Panthers,College Baseball,170,30.864197530864196,37.5,
Collin McKinney,P,9,260,Baltimore Orioles,Arizona,Arizona Wildcats,College Baseball/MLB Draft League,224,30.8411214953271,42.857142857142854,
Colin Fisher,P,13,388,San Francisco Giants,Arkansas,Arkansas Razorbacks,College Baseball,82,30.555555555555557,44.44444444444444,
Cole Carlon,P,1,39,Toronto Blue Jays,Arizona State,Arizona State Sun Devils,College Baseball,160,30.263157894736842,33.33333333333333,
Alex Overbay,P,8,228,Pittsburgh Pirates,Arizona State,Arizona State Sun Devils,College Baseball,63,30.0,47.05882352941176,
Sean Fitzpatrick,P,8,245,San Diego Padres,Arizona State,Arizona State Sun Devils,College Baseball,54,30.0,30.76923076923077,
Max Bayles,P,7,197,Minnesota Twins,Santa Clara,Santa Clara Broncos,College Baseball,48,30.0,22.22222222222222,
Jett Johnston,P,13,396,Detroit Tigers,Auburn,Auburn Tigers,College Baseball,57,29.166666666666668,14.285714285714285,
Matthew Matthijs,P,17,520,Seattle Mariners,North Carolina,North Carolina Tar Heels,College Baseball,43,29.166666666666668,22.22222222222222,
Gavin Van Kempen,P,12,373,Los Angeles Dodgers,East Carolina,East Carolina Pirates,College Baseball,81,29.03225806451613,26.31578947368421,
Drew Whalen,P,9,280,Seattle Mariners,Auburn,Auburn Tigers,College Baseball,31,28.57142857142857,12.5,
McCarty English,P,17,503,Tampa Bay Rays,Southern Mississippi,Southern Mississippi Golden Eagles,Appalachian League/College Baseball,144,28.57142857142857,26.47058823529412,
Anthony Treto,P,13,400,Seattle Mariners,Tarleton State,Tarleton State Texans,College Baseball,109,28.57142857142857,23.333333333333332,
Cameron Johnson,P,15,435,Chicago White Sox,Oklahoma,Oklahoma Sooners,College Baseball,177,28.37837837837838,40.0,
Cooper Dossett,P,17,510,New York Mets,Arkansas,Arkansas Razorbacks,College Baseball/MLB Draft League,113,28.26086956521739,29.166666666666668,
Chase Frey,P,15,454,Boston Red Sox,Grand Canyon,Grand Canyon Antelopes,College Baseball,63,28.205128205128204,29.411764705882355,
Cooper Corkrean,P,18,539,Kansas City Royals,New Mexico,New Mexico Lobos,College Baseball,49,28.000000000000004,33.33333333333333,
Alex Kranzler,P,17,514,Boston Red Sox,Vanderbilt,Vanderbilt Commodores,College Baseball/MLB Draft League,254,28.000000000000004,21.875,
Evan Blanco,P,13,381,Athletics,Tennessee,Tennessee Volunteers,College Baseball,288,27.941176470588236,37.5,
Mason Bixby,P,14,413,Tampa Bay Rays,Oklahoma,Oklahoma Sooners,College Baseball,36,27.77777777777778,28.57142857142857,
Duncan Marsten,P,6,183,Cincinnati Reds,Wake Forest,Wake Forest Demon Deacons,College Baseball,157,27.586206896551722,23.076923076923077,
Hudson Barrett,P,8,224,Colorado Rockies,Oklahoma State,Oklahoma State Cowboys,College Baseball,94,27.500000000000004,16.666666666666664,
Connor Fennell,P,20,585,Chicago White Sox,Vanderbilt,Vanderbilt Commodores,College Baseball,174,27.380952380952383,28.57142857142857,
Rohan Lettow,P,12,348,Pittsburgh Pirates,San Diego State,San Diego State Aztecs,College Baseball,75,27.027027027027028,8.333333333333332,
Ben Davis,P,4,104,Colorado Rockies,Mississippi State,Mississippi State Bulldogs,College Baseball,54,26.923076923076923,11.76470588235294,
Jack Turner,P,10,306,Detroit Tigers,New Mexico State,State College Spikes,MLB Draft League,335,26.845637583892618,25.581395348837212,
Ian Korn,P,10,298,San Francisco Giants,West Virginia,West Virginia Mountaineers,College Baseball,112,26.666666666666668,21.21212121212121,
Brett Lanman,P,6,185,Boston Red Sox,Abilene Christian,Abilene Christian Wildcats,College Baseball,92,26.53061224489796,18.51851851851852,
Connor Kelley,P,14,432,Toronto Blue Jays,Texas-San Antonio,Texas-San Antonio Roadrunners,College Baseball,192,26.436781609195403,35.714285714285715,
Mathis Nayral,P,13,402,Toronto Blue Jays,Kansas,Kansas Jayhawks,College Baseball,69,25.71428571428571,10.526315789473683,
David Hinojosa,P,15,452,Cincinnati Reds,Poly Prep HS,Trenton Thunder,MLB Draft League,88,25.64102564102564,15.0,
Rob Evans,P,12,365,San Diego Padres,Miami,Miami Hurricanes,College Baseball,90,25.0,23.076923076923077,
Dallis Moran,P,16,474,St. Louis Cardinals,Stetson,Stetson Hatters,College Baseball/MLB Draft League,192,24.705882352941178,36.0,
Jason DeCaro,P,3,80,Pittsburgh Pirates,North Carolina,North Carolina Tar Heels,College Baseball,55,24.0,25.0,
Mario Pesca,P,9,273,Cleveland Guardians,Oklahoma State,Oklahoma State Cowboys,College Baseball,115,23.91304347826087,24.137931034482758,
Eric Segura,P,4,105,Chicago White Sox,Oregon State,Oregon State Beavers,College Baseball,130,22.807017543859647,29.03225806451613,
Colin Linder,P,15,445,Miami Marlins,Arizona State,Arizona State Sun Devils,College Baseball,100,22.727272727272727,14.285714285714285,
James Guyette,P,5,157,San Diego Padres,Kansas State,Kansas State Wildcats,College Baseball,288,22.65625,24.324324324324326,
Trevor Hansen,P,9,259,Los Angeles Angels,University of California - Irvine,California-Irvine Anteaters,College Baseball,100,22.5,20.833333333333336,
Taylor Rabe,P,CB-A,30,Kansas City Royals,Mississippi,Ole Miss Rebels,College Baseball,76,22.22222222222222,46.666666666666664,
Aiden VanDeHatert,P,20,604,Boston Red Sox,Dallas Baptist,Greeneville Flyboys,Appalachian League,263,21.6,19.11764705882353,
Isaac Yeager,P,14,405,Chicago White Sox,Oregon State,Oregon State Beavers,College Baseball,59,21.428571428571427,18.75,
Ethan Lay,P,6,168,Minnesota Twins,Sacramento State,Sacramento State Hornets,College Baseball,138,21.052631578947366,20.51282051282051,
Russell Sandefer,P,4,132,Los Angeles Dodgers,Florida,Florida Gators,College Baseball,46,21.052631578947366,36.36363636363637,
Tommy LaPour,P,4,107,Minnesota Twins,TCU,Texas Christian Horned Frogs,College Baseball,130,20.8955223880597,20.0,
Brett Renfrow,P,CB-B,74,Minnesota Twins,Virginia Tech,Virginia Tech Hokies,College Baseball,109,20.37037037037037,14.285714285714285,
Derek Schaefer,P,7,204,St. Louis Cardinals,Arizona State,Arizona State Sun Devils,College Baseball,45,20.0,10.0,
Tegan Kuhns,P,CB-A,32,St. Louis Cardinals,Tennessee,Tennessee Volunteers,College Baseball,192,20.0,28.846153846153843,
Maxx Yehl,P,3,91,Kansas City Royals,West Virginia,West Virginia Mountaineers,College Baseball,95,20.0,26.923076923076923,
Anson Seibert,P,20,586,Washington Nationals,Johnson County CC,West Virginia Black Bears,MLB Draft League,56,20.0,18.75,
Kide Adetuyi,P,7,214,Boston Red Sox,Florida Atlantic,Florida Atlantic Owls,College Baseball,65,19.35483870967742,16.666666666666664,
Kole Klecker,P,10,287,Minnesota Twins,Arizona State,Arizona State Sun Devils,College Baseball,86,18.75,25.0,
Brandon Arvidson,P,12,367,Chicago Cubs,Tennessee,Tennessee Volunteers,College Baseball,83,18.6046511627907,12.5,
Jaden Alba,P,14,414,St. Louis Cardinals,Arizona State,Arizona State Sun Devils,College Baseball,99,17.647058823529413,7.4074074074074066,
Bryson Moore,P,7,198,Pittsburgh Pirates,Florida State,Florida State Seminoles,College Baseball,64,17.24137931034483,16.666666666666664,
Braden Smith,P,15,440,Baltimore Orioles,Central Florida,Central Florida Knights,College Baseball,91,16.3265306122449,16.666666666666664,
Owen Kramkowski,P,5,145,Tampa Bay Rays,Arizona,Arizona Wildcats,College Baseball,158,16.176470588235293,13.333333333333334,
Ryder Brooks,P,18,538,San Francisco Giants,University of California - Irvine,California-Irvine Anteaters,College Baseball,57,15.789473684210526,23.076923076923077,
Ryan Lynch,P,3,97,San Diego Padres,North Carolina,North Carolina Tar Heels,College Baseball,77,15.151515151515152,10.0,
Ross Norman,P,11,320,Baltimore Orioles,Coastal Carolina,Coastal Carolina Chanticleers,College Baseball,70,14.705882352941178,17.647058823529413,
Will Zielinski,P,20,606,Detroit Tigers,Vauxhall HS,Canada,MLB Draft League,68,14.285714285714285,6.25,
Jackson Bergman,P,18,525,Chicago White Sox,Indiana,Indiana Hoosiers,College Baseball,72,13.793103448275861,12.0,
Brady Hamilton,P,14,412,Atlanta Braves,Wichita State,Wichita State Shockers,College Baseball,69,13.157894736842104,13.636363636363635,
Ryan Piech,P,7,200,Baltimore Orioles,Xavier,Xavier Musketeers,College Baseball,88,13.157894736842104,36.84210526315789,
Griffin Stieg,P,13,378,Pittsburgh Pirates,Virginia Tech,Virginia Tech Hokies,College Baseball,155,12.857142857142856,21.21212121212121,
Ryan Marton,P,17,517,Chicago Cubs,U Nevada Las Vegas,UNLV Rebels,College Baseball,34,12.5,0.0,
Alex Petrovic,P,6,181,New York Mets,Auburn,Auburn Tigers,College Baseball,65,11.76470588235294,23.809523809523807,
Nathan Taylor,P,3,101,Seattle Mariners,Cincinnati,Cincinnati Bearcats,College Baseball,66,11.538461538461538,5.88235294117647,
Dawson Montesa,P,CB-B,72,St. Louis Cardinals,West Virginia,West Virginia Mountaineers,College Baseball,31,7.142857142857142,9.090909090909092,
